{"cameraMode":{"drawMode":0,"name":"Shaded","section":"Shading Mode"},"sceneLighting":true,"audioPlay":false,"sceneViewState":{"m_AlwaysRefresh":false,"showFog":true,"showSkybox":true,"showFlares":true,"showImageEffects":true,"showParticleSystems":true,"showVisualEffectGraphs":true,"m_FxEnabled":true},"in2DMode":false,"pivot":{"x":13.753252029418946,"y":3.319268226623535,"z":-17.701290130615236},"rotation":{"x":0.25874778628349306,"y":-0.2569413185119629,"z":0.07164004445075989,"w":0.928411602973938},"size":13.963165283203125,"orthographic":false}